{ 
"pinnedList": [
{"desktopAppId":"Microsoft.Office.WINWORD.EXE.15"},
{"desktopAppId":"Microsoft.Office.EXCEL.EXE.15"},
{"desktopAppId":"Microsoft.Office.POWERPNT.EXE.15"},
{"desktopAppId":"Microsoft.Office.ONENOTE.EXE.15"}, 
{"desktopAppId":"com.squirrel.Teams.Teams"},
{"desktopAppId":"Microsoft.Windows.RemoteDesktop"},
{"desktopAppId":"Microsoft.VisualStudioCode"},
{"desktopAppId":"{6D809377-6AF0-444B-8957-A3773F02200E}\\KeePass Password Safe 2\\KeePass.exe"},
{"desktopAppId":"{6D809377-6AF0-444B-8957-A3773F02200E}\\Notepad++\\notepad++.exe"},
{"desktopAppId":"Microsoft.RemoteDesktop.WPF"},
{"desktopAppId":"{6D809377-6AF0-444B-8957-A3773F02200E}\\TeamViewer\\TeamViewer.exe"},
{"packagedAppId":"twitter.com-EF1E79A9_9wdrbcd1pw7ja!App"},
{"packagedAppId":"windows.immersivecontrolpanel_cw5n1h2txyewy!microsoft.windows.immersivecontrolpanel"},
{"desktopAppId":"{1AC14E77-02E7-4E5D-B744-2EB1AE5198B7}\\WindowsPowerShell\\v1.0\\powershell.exe"},
{"desktopAppId":"{1AC14E77-02E7-4E5D-B744-2EB1AE5198B7}\\WindowsPowerShell\\v1.0\\PowerShell_ISE.exe"}]} 